 #,Song,Artist,BPM,Camelot,Energy,Added At,Duration,Popularity,Genres,Parent Genres,Album,Album Date,Dance,Acoustic,Instrumental,Valence,Speech,Live,Loud (Db),Key,Time Signature,Spotify Track Id,Label,ISRC
1,"Untold","Octave One",135,3A,71,2025-03-02,05:39,21,"techno","Electronic","Black Water",2014-11-24,64,33,0,90,0,0,-12,A#/B♭ minor,4,0sQDaCCZDNsdSBnP66Z8BN,"430 West Records",QMLDL1400003
2,"Sex, Drugs & Existential Dread","Chloe Qisha",108,12B,78,2025-03-07,02:35,43,"","","Sex, Drugs & Existential Dread",2025-03-04,78,6,0,78,10,0,-4,E,4,6QNvGDyclysWjq7QQcWHAk,"VLF Records / Are You Serious? Records",UKQY82500002
3,"Girl","Dam Swindle, Faye Meana",117,7B,66,2025-03-07,03:24,42,"deep house, disco house, lo-fi house, funky house, chicago house","Electronic","Girl",2025-03-05,67,0,68,40,0,70,-10,F,4,2n9p4ri8vpgioUfGDrzkM8,"Heist Recordings",NLYV52500018
4,"All In A Dream","LP Giobbi, DJ Tennis, Joseph Ashworth",120,7A,53,2025-03-07,03:50,58,"house, melodic techno","Electronic","Light Places",2023-05-12,70,12,28,21,0,10,-10,D minor,4,03jQHo0HFj5onzoexiaMPI,"Counter Records",GBCFB2200357
5,"If You Were","Froman",125,5A,65,2025-03-07,03:53,44,"lo-fi house, jazz house, uk garage","Electronic, Jazz","If You Were",2021-08-06,78,74,90,67,0,10,-11,C minor,4,7ykaI6XTez5PnsxCFm2x4H,"1542330 Records DK",QZK6M2120343
6,"I Lost 200€ in a Club","Tell",117,2B,42,2025-03-07,04:23,50,"jazz house, lo-fi house","Electronic, Jazz","Cool Bananas",2018-06-01,85,0,69,32,10,0,-8,F#/G♭,4,1OxNBuk83EeS1Nj0k8mfPZ,"Noire & Blanche",FR9Z61700037
7,"Saw You for the First Time","Laurence Guy",121,6A,53,2025-03-07,06:44,17,"jazz house, lo-fi house","Electronic, Jazz","Saw You for the First Time",2017-07-28,81,0,89,71,0,0,-12,G minor,4,44t34AtBWG4TKMF5Xc97kV,"Church",GBUD71500137
8,"Back To The Roots","Makebo, Amonita",122,11B,47,2025-03-07,04:46,53,"organic house, melodic house, deep house","Electronic","Back To The Roots",2022-05-13,69,0,83,47,0,10,-9,A,4,09ctjXoWwXxYcvqIkmIFas,"Anjunadeep",GBEWA2202590
9,"Midnight in Peckham","Chaos In The CBD, Isaac Aesili",118,3A,68,2025-03-07,07:00,54,"jazz house, lo-fi house","Electronic, Jazz","Midnight in Peckham",2015-08-24,64,72,90,53,0,10,-16,A#/B♭ minor,4,1CzfZY7lXaysy84x3a2jix,"Rhythm Section International",UKB8U1500016
10,"Close 2 U","BeenWell",120,10A,48,2025-03-07,03:44,35,"lo-fi house","Electronic","Close 2 U",2024-06-27,86,59,73,41,0,10,-16,B minor,3,3SSFtplOEuuYsT1VHHmRgh,"BeenWell Records",QZNWX2448788
11,"GLY","Catching Flies",120,4A,56,2025-03-07,03:40,56,"downtempo","Electronic","Tides",2024-04-05,67,25,92,39,0,10,-10,F minor,4,5PZsj7kYWzCrceyOaZ7kw5,"Indigo Soul",FR2X42153655
12,"pop n olive","Samara Cyn, Sherwyn",91,7B,49,2025-03-07,03:00,50,"","","Pop n Olive",2025-03-04,79,2,83,52,0,10,-8,F,4,7mx3o5H3YzWolHZe0Wtbam,"VANTA Music/VANTA Records",USHR12550275
13,"Undercover","Sam Wills",104,1A,43,2025-03-07,03:18,0,"","","Breathe",2021-06-04,93,3,13,79,0,0,-5,G#/A♭ minor,4,3KqlKs6KJoMcDIljtmIzvI,"eOne Music UK",US5ED1900197
14,"Your Love - Antdot Remix","PLS&TY, Sofiya Nzau, Antdot",122,9A,85,2025-03-07,02:57,65,"afro house, afro tech, organic house, latin house","Electronic, Latin","Your Love (Antdot Remix)",2023-10-13,68,0,8,40,0,60,-6,E minor,4,4SylEKPh0HWqJep7CfISHk,"PLS&TY",QM24S2307037
15,"Closer","Reuben James, CARRTOONS, Sophie Faith, Jay Prince",71,3B,65,2025-03-07,03:34,39,"uk r&b, neo soul, retro soul","R&B","Tunnel Vision",2022-04-29,53,43,0,83,30,10,-6,C♯/D♭,4,1QZhPI7zb7ckb53NYp6Lkt,"Duetti",GBKPL2153336
16,"Afraid To Feel","LF SYSTEM",128,3B,91,2025-03-07,02:57,77,"","","Afraid To Feel",2022-05-02,58,2,0,68,10,20,-4,C♯/D♭,4,40SBS57su9xLiE1WqkXOVr,"Warner Records",GBAHT2200492
17,"Anchor","Laurence Guy, Ishmael",121,1B,64,2025-03-07,04:47,8,"jazz house, lo-fi house","Electronic, Jazz","Saw You for the First Time",2017-07-28,71,10,92,59,0,0,-13,B,4,2wuRMb84OvcWvjJ4W4Zr5s,"Church",GBUD71500136
18,"comet (feat. Bel Cobain)","oreglo, Bel Cobain",118,11A,46,2025-03-07,02:40,29,"nu jazz","Electronic, Jazz","Not Real People DLC (Expanded)",2024-09-14,59,13,0,73,0,0,-8,F#/G♭ minor,4,584u36uQS3jwhnjC5Sdaz1,"Brownswood Recordings",GBMEF2402513
19,"Vue","Loure",120,11A,62,2025-03-07,05:58,51,"jazz house, lo-fi house","Electronic, Jazz","Westside Movements",2017-05-26,68,2,97,7,0,50,-10,F#/G♭ minor,4,4FIch2blnkhlCfnfSzrfxQ,"Noire & Blanche",FR9Z61700014
20,"Wish I Didn't Miss You","Angie Stone",124,6B,76,2025-03-16,04:30,68,"neo soul, soul","R&B, Blues","Mahogany Soul",2001-10-16,86,36,0,84,0,10,-6,A#/B♭,4,3tZm76otWH20xzJC7icHCk,"J Records",USJAY0100309
21,"Like You - Supermayer Mix","Gui Boratto",126,6A,63,2025-03-26,07:38,15,"minimal techno","Electronic","Kompakt: Total 7",2006-08-21,80,0,84,51,0,10,-9,G minor,4,73zQtDnr1FTTL8YEx7Zczw,"Kompakt",DEU670600083
22,"Bear Hug","The 2 Bears",125,3B,61,2025-03-26,04:05,27,"","","Be Strong",2012-01-29,79,0,58,75,0,0,-12,C♯/D♭,4,5Xc0N7o6JNUhrHi7ultPZS,"Southern Fried Records",GBEFR1102616
23,"The Whistler","Claude VonStroke",126,8A,37,2025-03-26,06:55,1,"tech house, minimal techno","Electronic","Beware Of The Bird",2006-05-08,85,0,90,57,0,0,-7,A minor,4,7tR9wY1a90WmUMWnM39icf,"DIRTYBIRD",US75Z0600011
24,"Without You - Extended 12- mix","Art Department",120,5A,31,2025-03-26,08:37,12,"","","Vampire Nightclub / Without You",2010-09-27,79,0,88,22,0,10,-11,C minor,4,2aVoHyraRl0I6e7CMTNp9K,"Crosstown Rebels",GB7NR1116201
25,"Tribulations - Lindstrom Mix","LCD Soundsystem",121,11A,49,2025-03-26,07:55,26,"alternative dance, new rave","Electronic, Pop, Rock","Introns",2006-03-10,76,1,2,44,0,0,-11,F#/G♭ minor,4,2dJs2UkLwb3mkm6Masrh50,"Parlophone UK",US4GE0500077
26,"Ultimate Funk","Bob Sinclar",128,4B,80,2025-03-26,05:33,29,"french house, disco house","Electronic","Paradise",1998-09-01,94,0,6,78,10,30,-4,G#/A♭,4,7yuO4EtQF41saChQQJfj0P,"Yellow productions",FR6V89802989
27,"Bad Love","Booka Shade",126,4B,66,2025-03-26,05:12,17,"minimal techno, melodic house, melodic techno, electronica","Electronic","More!",2010-04-26,77,0,58,55,0,20,-8,G#/A♭,4,6Ovy7fLOhNwe8vMl6jTW7e,"Blaufield Music",GBUM71001170
28,"Happy (Make You Happy)","Max Sedgley",108,9B,85,2025-03-26,05:57,25,"acid jazz, trip hop","Jazz, Electronic, Hip Hop","From the Roots to the Shoots",2006-07-17,76,7,17,69,0,0,-6,G,4,0f3dwp0PBxgFBS4VeQvbZW,"Sunday Best Recordings",GBGNS0400025
29,"Something More - Soulwax Remix","Róisín Murphy, Soulwax",110,1B,85,2025-03-26,05:51,31,"art pop, electropop, electroclash, new rave, alternative dance","Electronic, Pop, Rock","Something More (Soulwax Remix)",2020-09-11,75,1,12,96,0,10,-7,B,4,2JIqWiuur968XlTrBvZMyf,"Skint Records",GB5KW2002979
30,"Manila - Ewan Pearson Mix","Beat Solèr, Ewan Pearson",125,8A,85,2025-03-26,05:12,26,"","","Dating Lanzelot (Original Soundtrack)",2012-09-07,79,1,26,72,0,0,-7,A minor,4,3jq3JL2bF66og2teTII6bj,"Port-au-Prince Music",DEZ651211384
31,"(Hey You) What's That Sound?","Les Rythmes Digitales",120,3B,92,2025-03-26,04:12,29,"french house, big beat, electroclash","Electronic, Rock","Darkdancer",2005-09-04,70,0,73,63,0,10,-6,C♯/D♭,4,49ZQRHVd4XCJ42fg69mOZ6,"Wall of Sound",GBCFC9900005
32,"Acid Soul","Tiefschwarz",125,10A,55,2025-03-26,04:57,9,"minimal techno","Electronic","RAL 9005",2001-07-30,83,1,41,70,0,0,-9,B minor,4,4h3T8s1hN3CL1I4KFuEuys,"Four Music",DEE860100601
33,"Walter Neff","Matias Aguayo",121,12A,72,2025-03-26,05:49,26,"","","Walter Neff",2008-12-15,89,0,30,55,0,20,-10,C♯/D♭ minor,4,153SF3TgrvccYnBBHfTjQR,"Kompakt",DEU670800125
34,"Sexiest Man in Jamaica","Mint Royale",128,8A,85,2025-03-26,04:04,36,"big beat","Electronic","Dancehall Places",2002-09-09,68,0,1,88,0,30,-7,A minor,4,7jpenS8YIrY1GizHZGy6FX,"Faith & Hope Records",GBCLV0202501
35,"Cruel Intentions","Simian Mobile Disco",113,7A,62,2025-03-26,03:04,0,"electroclash, new rave, alternative dance, electronica","Electronic, Pop, Rock","Anthology: 10 Years of Smd",2008-01-01,65,0,3,59,0,0,-8,D minor,4,6Xc58XZqgwacxC9ax1D56G,"Wichita Recordings",GBDNH0900091
36,"Kilometer - Aeroplane  Italo 84  Remix","Sébastien Tellier, Aeroplane",115,8B,89,2025-03-26,05:40,27,"french house, french indie pop, downtempo, nu disco, indie dance, disco house","Electronic, Pop","Sexuality Remix",2010-04-09,67,3,45,65,0,0,-4,C,4,0x7PXspzGLdNtMOVd3RSBG,"Record Makers",FRS710800190
37,"Avalon - Jacques Lu Cont Versus Remix","Juliet",127,2B,87,2025-03-26,06:36,38,"","","Avalon",2005-00-00,66,2,38,65,0,90,-7,F#/G♭,4,2QOgBEy2uReoZGQi9d9Hxv,"Virgin Records",USVI20400626
38,"Do It Again","Steely Dan",125,7A,43,2025-03-27,05:57,75,"yacht rock, classic rock","Rock, Pop","Can't Buy A Thrill",1972-11-01,66,34,0,94,0,0,-15,D minor,4,2LXISHBkx8FyoxCBkckh19,"Geffen",USMC17347179
39,"Long Train Runnin'","The Doobie Brothers",117,6A,91,2025-03-27,03:27,75,"yacht rock, classic rock, soft rock, southern rock","Rock, Pop","The Captain and Me",1973-00-00,57,9,0,84,0,0,-7,G minor,4,4nXkbcTj3nyww1cHkw5RAP,"Warner Records",USWB19900751
40,"Tin Man","America",172,9B,53,2025-03-27,03:29,71,"yacht rock, soft rock, folk rock","Folk, Rock, Pop","Holiday",1974-00-00,65,53,1,66,0,0,-11,G,4,4uTTd2SlalZoG0zVgI63kH,"Rhino/Warner Records",USWB19901799
41,"It's Too Late","Carole King",208,8A,44,2025-03-27,03:53,75,"singer-songwriter, folk rock","Folk, Rock","Tapestry",1971-00-00,45,49,1,81,0,10,-13,A minor,4,12q3V8ShACq2PSWINMc2rC,"Ode/Epic/Legacy",USSM17100509
42,"Don't Wait Up","Midnight Generation",115,11A,83,2025-04-30,03:47,22,"mexican indie, nu disco","Rock, Electronic, Pop","Don't Wait Up",2025-01-31,74,3,3,48,0,10,-7,F#/G♭ minor,4,18yDsGdHw4LhYMMTbNlNWS,"Midnight Generation",MXD782500052
43,"Back To The Groove","Justin Jay, coldsweat, DJ Deeon",140,10A,86,2025-05-09,04:29,53,"hard house, footwork, chicago house, miami bass","Electronic, Hip Hop","Back To The Groove",2025-02-28,81,0,31,82,0,0,-8,B minor,4,4tMr7Bik0z8R6nAOz3FPQ1,"Disorder",CA5KR2454649
44,"Casablanca (PRX003)","Dombresky, Crusy",126,10A,98,2025-05-09,02:36,35,"bass house, tech house, house, g-house, disco house, latin house, tribal house","Electronic, Latin","Casablanca (PRX003)",2025-04-25,60,1,94,67,0,10,-5,B minor,4,4Gv7YLqaBz55e9vtrsJsrA,"Process Records",QM6MZ2548203
45,"Did I Go? - Ikonika Remix","Ebba Åsman, Ikonika",121,9B,79,2025-05-09,02:54,3,"uk funky","Electronic","Did I Go? (Ikonika Remix)",2025-04-30,77,0,14,33,0,0,-7,G,4,5N7TylDr6bXomgvt8Yk3E3,"Dorado Records",GBBCM2500593
46,"Run","SMITH",147,10B,34,2025-05-22,03:33,48,"","","D.A.N.C.E.",2025-05-21,86,2,0,78,0,0,-8,D,4,2TseGeigW2clRTftEYsacR,"Hitmaker Music Group",US38Y2304534
47,"Techno Disco Tool","Mella Dee",130,1B,97,2025-05-22,06:41,37,"disco house","Electronic","Techno Disco Tool",2017-11-29,75,0,59,52,0,0,-5,B,4,4dGWqeULKD767yx9NIMcEv,"Warner Records",GBAHT1700695
48,"Hold On, Let Go","ANOTR, WAYNE SNOW, 3DDY",128,12B,91,2025-09-16,04:01,63,"house, tech house","Electronic","Hold On, Let Go",2025-08-22,73,4,65,68,10,0,-4,E,4,68tOdKX9bNXD2MCFVsE5OF,"No Art",CBEFB2501209
49,"Keep It Real","Loure",120,10A,66,2025-08-31,06:54,52,"jazz house, lo-fi house","Electronic, Jazz","Westside Movements",2017-05-26,69,2,85,5,0,20,-10,B minor,4,4YpCTAZRpNmW1EHLVrq4ur,"Noire & Blanche",FR9Z61700012
50,"Numbers","Booka Shade",122,6A,72,2025-08-31,03:26,19,"minimal techno, melodic house, melodic techno, electronica","Electronic","The Sun & the Neon Light",2008-05-26,72,4,93,78,0,10,-8,G minor,4,72b6AJcsWoAwtPn8U8c2j9,"Blaufield Music",DEBE70800078
51,"Hustler","Simian Mobile Disco",127,3A,90,2025-08-31,03:44,47,"electroclash, new rave, alternative dance, electronica","Electronic, Pop, Rock","Attack Decay Sustain Release",2007-01-01,69,0,83,69,0,0,-3,A#/B♭ minor,4,4x0IYmoITOwCgbyrDupJUV,"Simian Mobile Disco Records",USUM70748696
52,"Night Falls","Booka Shade",125,8A,78,2025-08-31,05:19,39,"minimal techno, melodic house, melodic techno, electronica","Electronic","Movements",2006-05-12,80,15,87,8,0,10,-8,A minor,4,0BNavtVzoZeRhfMLIII47l,"Blaufield Music",DEBE70500174
53,"Jolie Fille (feat. Layefa)","Maz, Antdot, Ginton, Layefa",121,2A,80,2025-08-31,03:14,67,"afro house, melodic house, afro tech, organic house, latin house, afro r&b","Electronic, R&B, Latin","Jolie Fille (feat. Layefa)",2024-07-26,78,13,12,80,0,0,-6,D#/E♭ minor,4,4sOLtnLeIFwO4YUUSV5DM5,"Woody Trees",BX0BA2400057
54,"Perfect Time","Booka Shade",121,3B,67,2025-08-31,05:39,35,"minimal techno, melodic house, melodic techno, electronica","Electronic","Eve",2013-11-01,81,4,49,17,0,10,-9,C♯/D♭,4,54NBbQnJoweqne2Fw9VaUf,"Blaufield Music",DES311300231
55,"Young Girl","Midnight Generation",128,3B,75,2025-08-31,03:16,52,"mexican indie, nu disco","Rock, Electronic, Pop","Funk Your Bones (Side B)",2016-04-01,79,24,0,74,0,0,-5,C♯/D♭,4,6MWaf0c7rvbvVH5V2zmHJn,"Midnight Generation",USDHM1614583
56,"Kiki","Crusy",126,7A,98,2025-08-31,03:00,37,"latin house, tech house, tribal house, bass house","Electronic, Latin","Kiki",2025-05-09,64,1,32,37,0,10,-6,D minor,4,7qpHYfkq07k5LhAT1eqCsL,"Toolroom",GBJAJ2500527
57,"Avalon","Juliet",127,2A,69,2025-08-31,07:08,34,"","","Random Order",2005-01-01,70,0,45,92,0,0,-6,D#/E♭ minor,4,1FJy9Yy3HmJpE0znPlbYh7,"Virgin Records",USVI20400588
58,"Expander","Bonobo",126,7A,78,2025-09-12,04:11,45,"trip hop, downtempo, nu jazz, electronic","Electronic, Jazz, Hip Hop","Expander",2024-08-14,69,3,82,12,0,0,-8,D minor,4,046ebSoM0LeJEIlXTujdDB,"Ninja Tune",GBCFB2400961
59,"GIRL I WANT YOU","Paperwater",127,3B,92,2025-09-12,03:31,48,"","","GIRL I WANT YOU",2025-09-11,65,7,12,89,0,10,-3,C♯/D♭,4,5ocaIFjQEcuZni3guyHoHl,"Wet Paper Records",USLD91782518
60,"Needed U","Conducta",130,4A,89,2025-09-12,04:16,42,"uk garage, bassline, uk funky","Electronic","Needed U",2024-09-05,62,0,42,44,0,0,-5,F minor,4,5Rt0FZGt2X4IJpo3yaxQNL,"Conducta",GBMA22381003
61,"peck reprise","oreglo",109,3B,53,2025-09-12,03:41,32,"nu jazz","Electronic, Jazz","Not Real People DLC (Expanded)",2024-09-14,75,36,80,83,0,0,-10,C♯/D♭,4,6YUAk0NDR9F3byp95jykBY,"Brownswood Recordings",GBMEF2402515
62,"Ease My Mind","Chris Lake, Abel Balder",126,1A,81,2025-09-12,03:11,70,"tech house, house, bass house","Electronic","Chemistry",2025-07-11,74,6,16,77,0,10,-6,G#/A♭ minor,4,0zVYrhlpgLHLqnEtv38Fko,"Black Book Records",GXFCP2500020
63,"This Rhythm (feat. RAHH)","Prospa, RAHH",127,3A,71,2025-09-12,03:09,73,"house","Electronic","This Rhythm (feat. RAHH)",2025-02-14,93,10,0,67,0,10,-6,A#/B♭ minor,4,4NtQwxR7o3ixPVKLyOTS66,"Atlantic Records UK",QMDA62467328
64,"Agitations tropicales","L'Impératrice",116,12A,40,2025-09-17,04:08,68,"french indie pop, french house, french pop","Electronic, Pop","Odyssée - EP",2015-10-12,76,56,26,62,0,10,-10,C♯/D♭ minor,4,2La21GqU4fKTQLcfLxTeoz,"microqlima",GBMJG1509536
65,"I Wanna Be Your Lover","Prince",115,12A,51,2025-09-17,05:47,64,"funk, funk rock","R&B, Rock","Prince",1979-10-19,81,4,8,73,0,0,-9,C♯/D♭ minor,4,4yrM5BVyJzy5Ed4GPO6e8j,"Warner Records",USWB19903516
66,"Don't Turn It Off - Greg Wilson Edit","40 Thieves, Qzen",117,11B,47,2025-09-17,06:27,54,"nu disco","Electronic, Pop","Don't Turn It off (Remixes)",2010-07-16,90,15,81,92,0,10,-9,A,4,30NLTeJ3HVX2iVyAVtrLHM,"Permanent Vacation",DECY60900091
67,"Better","nimino, Manta",125,4B,76,2025-09-23,03:58,74,"stutter house, melodic house","Electronic","Better",2025-09-08,82,20,1,61,10,0,-5,G#/A♭,4,6oUgmZK0McW4706SLJlfDh,"Counter Records",GBCFB2500454
68,"Heaven Scent","Soulwax, Chloe Sevigny",103,8B,85,2025-09-23,04:43,50,"electroclash, new rave, alternative dance","Electronic, Pop, Rock","Heaven Scent",2016-07-15,75,7,72,38,0,30,-6,C,4,4VY9yQMuC8izfcybXmhYOY,"DEEWEE",GBKPL1668558
69,"Feels Much Better","Crusy, Karretero",126,1B,99,2025-09-23,02:59,30,"latin house, tech house, tribal house, bass house","Electronic, Latin","Feels Much Better",2025-07-11,64,2,93,76,0,0,-4,B,4,7wlZEUi72q9rpeST5bY8Zg,"Nothing Else Matters",GBJAJ2500783
70,"L.O.V.E. (DJ-Kicks) - Extended Version","Motor City Drum Ensemble",120,3A,48,2025-09-23,05:56,37,"jazz house, deep house, lo-fi house, chicago house, disco house, funky house","Electronic, Jazz","DJ-Kicks (Motor City Drum Ensemble) [DJ Mix]",2011-07-04,88,0,0,76,20,0,-6,A#/B♭ minor,4,4mtk4SKiFFZYv1hPeugwhT,"!K7 Records",DEG931100040
71,"Avalon","Juliet",127,2A,76,2025-09-23,03:56,33,"","","Avalon",2005-00-00,66,0,50,96,0,0,-5,D#/E♭ minor,4,5DOpaAe4Zs3LoBwft2wxhu,"Virgin Records",USVI20500024
72,"78 To Stanley Bay","Chaos In The CBD, Isaac Aesili",119,6A,88,2025-09-23,05:07,54,"jazz house, lo-fi house","Electronic, Jazz","816 To Nunhead",2013-11-04,78,44,65,45,0,10,-10,G minor,4,74LRqSi9vqy4vnxCLInNAw,"Chaos In The CBD",CA9KH1300019
73,"Light Me Up","Kungs, PNAU",126,12B,40,2025-09-23,02:41,42,"","","Light Me Up",2025-09-12,82,4,7,32,0,10,-14,E,4,1VbLQ4OGIkoxPqmaxgOIIv,"Universal Music Division Island Def Jam",FR9W12540148
74,"Zeal","Batu",130,12B,83,2025-09-26,04:46,20,"idm, uk funky, breakbeat","Electronic","Zeal / Sunday",2024-06-13,74,0,85,20,0,10,-7,E,4,2TckgebCdGiCfSPuh6CUys,"A Long Strange Dream",FRX762499641
75,"Pasion - Alex Kassian's Mandarine Dance Mix","Pianoman, Alex Kassian",128,4A,89,2025-10-08,07:45,32,"","","Pasion",2025-08-29,73,4,87,93,0,0,-7,F minor,4,379a9TfqCllPNpMN2x962M,"Planet Strangelove",NL7QW2500077
76,"Got To Keep On","The Chemical Brothers",125,11A,87,2025-10-08,05:16,53,"big beat, alternative dance, electronic, breakbeat","Electronic, Pop, Rock","No Geography",2019-04-12,72,5,13,92,0,0,-6,F#/G♭ minor,4,4vh6Rn6FVG4w79JmlZ5p7d,"EMI",GBUM71807652
77,"Zoomies","Pearson Sound",148,8A,99,2025-10-09,03:57,31,"breakbeat, uk funky, idm","Electronic","Zoomies",2025-06-11,75,1,90,51,0,0,-6,A minor,4,3bbb51PZt5eF7q8R9fcYR2,"Timedance",FRX282564143
78,"Black Box","Automatic",125,9B,60,2025-10-17,04:05,56,"post-punk, egg punk","Rock","Is It Now?",2025-09-26,67,2,84,57,0,0,-8,G,4,45c2puZgmaC23MaKgeHda2,"Stones Throw Records",US2S72508001
79,"Londontown","Sam Quealy",140,8B,89,2025-10-17,03:12,46,"electroclash","Electronic, Rock","Londontown",2025-09-26,62,0,11,73,0,50,-4,C,4,7DdU5onurQoEFbrEhLXoCX,"MUSIC & CRAFT",FREIU2500010
80,"Schadenfreude","Baxter Dury",122,10A,79,2025-10-17,03:30,49,"","","Allbarone",2025-09-12,68,0,68,33,0,30,-6,B minor,3,5NlWsN4cVFKoYdcgvmqg0k,"Heavenly Recordings",GBPVV2406301
81,"Return Of The Sharp Heads","Baxter Dury, JGrrey",107,10A,75,2025-10-17,05:05,42,"uk r&b","","Allbarone",2025-09-12,79,2,1,39,0,10,-7,B minor,4,6h3OJ3JnPdCOJAzsxtyK1y,"Heavenly Recordings",GBPVV2406296
82,"levels (IZCO & Reek0 Remix)","oreglo, IZCO, Reek0",136,6A,99,2025-10-27,03:45,32,"nu jazz, uk garage, uk funky, jungle, breakbeat","Electronic, Jazz","Not Real People DLC (Expanded)",2024-09-14,67,42,63,35,0,10,-7,G minor,4,61HCWcvXWywiq6rKnUmIGe,"Brownswood Recordings",GBMEF2402537
83,"It's The Beat","Simian Mobile Disco",127,8B,80,2025-10-27,03:22,34,"electroclash, new rave, alternative dance, electronica","Electronic, Pop, Rock","Attack Decay Sustain Release",2007-01-01,73,0,22,25,0,20,-5,C,4,5roacNvzdK1KrgQJRRTKPk,"Simian Mobile Disco Records",USUM70744392
84,"Savana","Chris Lake",132,6A,86,2025-10-27,02:30,60,"tech house, house, bass house","Electronic","Chemistry",2025-07-11,66,1,87,91,0,10,-6,G minor,4,6qe61hWL08SxLCQTcOulMB,"Black Book Records",GXFCP2500076
85,"Body Language - Interpretation","Booka Shade",128,10A,80,2025-10-28,05:00,46,"minimal techno, melodic house, melodic techno, electronica","Electronic","Movements",2006-05-12,80,25,90,67,0,10,-9,B minor,4,1ABwlOhYanbuafWx1yvx0T,"Blaufield Music",DEBE70500175
86,"Sailing Away","Antoine Bourachot",112,11A,79,2025-11-04,04:41,51,"french house, nu disco","Electronic, Pop","Sailing Away",2025-05-07,78,14,45,75,0,10,-8,F#/G♭ minor,4,6LkwvXgYfM5qoW198vlIn8,"ABP",FR9W12520672
87,"Love Come Down","Social Lovers",100,9B,37,2025-11-04,03:46,43,"lo-fi house","Electronic","Love Come Down",2023-03-03,80,0,6,61,0,20,-11,G,4,0nvDdeIeshQUeSedebDM3K,"Star Creature Universal Vibrations",GBLV62202114
88,"Material","Marxist Love Disco Ensemble",122,5A,84,2025-11-04,04:04,26,"","","MLDE",2022-09-16,62,3,67,94,0,10,-9,C minor,4,0ClP3NmCW8WBitkdFqKJ0x,"Mr Bongo",GBCLQ2200447
89,"Slippery People - Live from BBC Maida Vale","Say She She",110,6B,58,2025-11-04,05:15,18,"retro soul","R&B","Slippery People (Live from BBC Maida Vale)",2024-06-12,67,7,0,96,0,10,-17,A#/B♭,4,7iOVpfac13a8E40AKPKSlr,"Karma Chief Records",GBCAD2400855
90,"One Inch Punch","Yin Yin",117,10A,69,2025-11-04,05:08,59,"neo-psychedelic","Rock","The Rabbit That Hunts Tigers",2019-10-18,71,2,80,77,0,0,-11,B minor,4,6BdpQ5lDOUNbaER31ajumE,"Bongo Joe",CHA831991101
91,"Vale","Maribou State",145,10A,67,2025-11-04,04:07,63,"","","Kingdoms In Colour",2018-09-07,69,38,76,72,0,10,-9,B minor,4,58FsmlVRQxpjFmXF8vSKMT,"Counter Records",GBCFB1800184
92,"Falling for You","NEIL FRANCES",119,10A,62,2025-11-04,03:10,55,"indie soul","R&B","Falling for You",2021-01-22,85,76,89,81,0,10,-9,B minor,4,7o8VEpWXIvvnDIQaXDHI8S,"Nettwerk Music Group",CAN112000692
93,"These Days","NEIL FRANCES",110,7A,69,2025-11-04,03:53,60,"indie soul","R&B","These Days",2018-01-26,77,46,22,84,0,10,-8,D minor,4,2elnaPXB82wgWJFZop0TJq,"Nettwerk Music Group",US3DF1800318
94,"Young Man","Make A Dance",123,8B,77,2025-11-05,03:26,39,"acid house","Electronic","Young Man",2025-06-25,73,0,87,91,0,0,-8,C,4,1AA4Dgoob2TZZByNW3zJi7,"M.A.D Records",UKU932581504
95,"Tappan Z","Jimmy Q",120,1A,63,2025-11-05,02:34,50,"jazz house","Electronic, Jazz","Tappan Z",2025-05-30,89,6,91,76,0,10,-12,G#/A♭ minor,4,1zlBvGpCiqA94Vyt4whSUg,"Egoplanet",FR9Z62500262
96,"Girlfriend (feat. Dâm-Funk) [Palms Trax Remix]","Christine and the Queens, DāM-FunK, Palms Trax",121,8B,62,2025-11-05,05:25,33,"art pop, french pop, g-funk, funk, lo-fi house, acid house","Electronic, Pop, R&B, Hip Hop","Girlfriend / Damn, dis-moi (feat. Dâm-Funk) [Remixes]",2018-06-29,64,0,27,76,0,0,-8,C,4,0rsGs3YkaLfZj6AZXKRL7B,"Because Music",FR6P11802560
97,"True Romance (Maja Edit)","Bella Boo",126,2B,42,2025-11-05,03:50,37,"lo-fi house","Electronic","True Romance",2022-03-25,64,0,78,72,0,0,-12,F#/G♭,4,16a08DG2rAjlpaFoWqRPkd,"Studio Barnhus",SE2WJ2204001
98,"Like","New Jackson",137,3A,41,2025-11-05,03:56,29,"","","Oops!... Pop",2024-04-19,86,3,63,61,0,10,-12,A#/B♭ minor,4,7uqTA3JBLsBVOX7UhABQX7,"Permanent Vacation",DECY62400034
99,"Lille Vals","Storken",124,10A,80,2025-11-05,03:55,35,"italo disco, indie dance, nu disco, disco house","Electronic, Pop","Lille Vals",2019-09-20,70,0,93,84,0,0,-10,B minor,4,6aBqWnfEdFIolhzPwp1XuQ,"Running Back",DEVY91900127
100,"Clavicle","Daphni",126,9B,64,2025-11-05,03:33,35,"","","Cherry",2022-10-07,76,25,88,22,0,0,-9,G,4,0WsWPDqKxxbhuagIulHk9g,"Jiaolong",FRIDO2210563
101,"Pelican","Phairo",117,3A,55,2025-11-05,03:50,36,"nu disco","Electronic, Pop","Pelican",2018-04-13,84,4,92,31,0,0,-7,A#/B♭ minor,4,4D3s53a9trnT412fhJOyLB,"Watermelon Records",GBKPL1803396
102,"Raise It","RONA.",132,8A,95,2025-11-05,03:27,31,"","","Raise It",2024-09-13,76,20,81,64,0,10,-6,A minor,4,3t65kgzcJyGFkFbtNWhz8L,"Rarre Records",QMBZ92410654
103,"Friday Night - Radio Edit","Le Boom, Æ MAK",126,9A,51,2025-11-05,02:52,39,"art pop","Pop","Friday Night",2022-03-04,85,66,43,74,0,20,-13,E minor,4,4uQsXtL7L3o8hUn41Ehz5I,"Innocent Chap Sounds",QZFZ72224707
104,"Farther And Fainter","John Tejada",127,3B,57,2025-11-05,06:19,38,"minimal techno, lo-fi house, idm","Electronic","Parabolas",2011-06-20,78,1,91,83,0,10,-11,C♯/D♭,4,4nxm7PqINcyIA7lcF5BBJV,"Kompakt",DEU671100079
105,"Slight Variations","Fujiya & Miyagi",122,2B,50,2025-11-05,03:31,35,"krautrock","Electronic, Rock","Slight Variations",2022-09-30,76,0,72,89,0,10,-9,F#/G♭,4,39WTzOebFgb8l0qHodr9el,"Impossible Objects of Desire",USA2B2202820
106,"Native Riddim","Coeo",120,4B,59,2025-11-05,06:26,46,"jazz house, disco house, funky house, nu disco, lo-fi house","Electronic, Jazz, Pop","Native Riddim",2014-11-24,91,0,23,60,10,20,-10,G#/A♭,4,1FparOA4TsEvXx9Gi9mdRQ,"Toy Tonics",DEBY41200106
107,"L.O.V.E. - Radio Edit","Motor City Drum Ensemble",120,3A,46,2025-11-05,04:04,39,"jazz house, deep house, lo-fi house, chicago house, disco house, funky house","Electronic, Jazz","L.O.V.E. (DJ-Kicks) - EP",2011-08-22,88,0,0,82,20,0,-6,A#/B♭ minor,4,51ipMo7yJOJordyG44gGLh,"!K7 Records",DEG931100086
108,"Coast to Coast","Coeo",123,10B,43,2025-11-06,03:52,50,"jazz house, disco house, funky house, nu disco, lo-fi house","Electronic, Jazz, Pop","Mydonna",2017-02-03,87,11,73,7,0,60,-14,D,4,0eyxpRPdsBkOYP6tAT97Of,"Toy Tonics",DEBY41200261
109,"Cool Bananas","Tell",115,2B,60,2025-11-06,04:44,50,"jazz house, lo-fi house","Electronic, Jazz","Cool Bananas",2018-06-01,75,0,84,37,0,0,-9,F#/G♭,4,7FheJOrB8J0eyK0ebcBAlI,"Noire & Blanche",FR9Z61800093
110,"Dreadlock Holiday","10cc",105,6A,48,2025-11-12,05:01,48,"yacht rock, art rock, glam rock","Rock, Pop","20th Century Masters: The Millennium Collection: Best Of 10CC",2002-01-01,80,25,0,93,0,10,-10,G minor,4,4E2gdBRKC12MJWFUOkH0UN,"Island Records",GBF080080438
111,"Conceited","Lola Young",92,10A,44,2025-11-17,03:59,70,"","","This Wasn't Meant For You Anyway",2024-06-21,76,34,0,84,0,50,-5,B minor,4,5ZdqVCiXrvMGpY8cux5g8t,"Universal-Island Records Ltd.",GBUM72308240
112,"Shop Boy","Say She She",124,8A,88,2025-11-16,04:19,38,"retro soul","R&B","Cut & Rewind",2025-10-03,83,4,1,72,10,10,-5,A minor,4,3KZfBcqpUeeG5pLj39WI69,"drink sum wtr",QMB622502508
113,"Pink Roses","Say She She",124,7B,68,2025-11-16,03:18,38,"retro soul","R&B","Prism",2022-10-07,73,11,15,84,0,0,-7,F,4,1cIzCJxnYK5wHdf5HyRppX,"Karma Chief Records",QZDMQ2150080
114,"Kids Go Down (孩子们的时光)","Chinese American Bear",112,1B,48,2025-11-18,05:00,48,"chinese indie","Rock","Wah!!!",2024-10-18,74,25,48,92,0,0,-8,B,4,4tSnOJt0gQai61lN8wo5b9,"Moshi Moshi Records",GBGEY2400032
115,"Witches","Alice Phoebe Lou",73,4B,72,2025-11-17,03:15,67,"","","Witches",2020-03-13,58,3,0,73,0,10,-6,G#/A♭,4,27R1A3WZ5Zv0ywNe0Zunfr,"Nettwerk Music Group",GBKPL2089608
116,"Manía","Pangaea, Jazz Alonso",130,1B,94,2025-11-19,02:51,36,"breakbeat, uk funky, uk garage","Electronic","Manía",2025-05-23,80,0,93,83,0,0,-3,B,4,79aIchpmJXJPDx9J68r3Hg,"Hessle Audio",GBUMC2500008
117,"Don't Turn It off (Feat. Qzen)","40 Thieves",117,11B,48,2025-11-19,04:38,62,"nu disco","Electronic, Pop","Don't Turn It Off",2008-04-11,96,2,66,74,10,10,-8,A,4,5H8ZaA6z9uDvBNYEy7NsgR,"Permanent Vacation",DECY60800011
118,"Bus Stop Please","Fatboy Slim, Daniel Steinberg",128,9B,70,2025-11-19,03:35,18,"big beat, funky house","Electronic","Bus Stop Please (PPJ Remix)",2025-09-12,75,2,3,52,10,70,-4,G,4,73TeAfZwjuVFnYaHs4hpX7,"Southern Fried Records",GBEFR2309250
119,"Bounce","bullet tooth",133,3B,99,2025-11-19,03:11,35,"uk garage, bassline, hard house","Electronic","Bounce / Round & Round",2025-08-29,80,0,85,96,0,20,-6,C♯/D♭,4,4Rf0qGEGOtKTcWWIC3Fa69,"rumours",CBEFB2501251
120,"Make It Up","Shura",121,10A,74,2025-11-19,03:31,0,"","","Nothing's Real",2016-07-08,68,21,1,54,0,10,-9,B minor,4,7mXwRzG6cuQbcSfAw5JV8E,"Universal Music Group",GBUM71600985
121,"Guess featuring billie eilish","Charli xcx, Billie Eilish",130,8B,71,2025-11-19,02:23,79,"hyperpop, art pop","Pop, Electronic","Brat and it’s completely different but also still brat",2024-10-11,78,2,21,62,0,10,-4,C,4,0IsIY8pfu1yaGkPUD7pkDx,"Atlantic Records",USAT22406808
122,"I Can Make It","CRi",128,11B,58,2025-11-20,04:09,49,"stutter house, melodic house","Electronic","Miracles",2023-09-22,75,1,62,31,0,0,-8,A,4,4ruM7ZgntoMNIj5pm0tARQ,"Anjunadeep",GBEWA2302850
123,"See Me","Oppidan, camoufly, SHIMA",130,12A,63,2025-11-20,03:04,48,"uk garage, bassline, rally house, stutter house","Electronic, Rock","See Me",2023-08-03,79,15,72,8,10,20,-6,C♯/D♭ minor,4,2VXRVqJ02WMnUlxTvwdtoz,"UKF",GB2LD2310229
124,"Haven't You Heard - Fitzy's Fully Charged Mix","Alan Fitzpatrick, Patrice Rushen",130,11A,87,2025-11-20,07:11,32,"techno, tech house, post-disco, jazz funk, disco, funk","Pop, R&B, Jazz, Electronic","Haven't You Heard",2020-02-07,82,0,85,95,0,10,-6,F#/G♭ minor,4,2cXo7Bly6wskckTQytxAOy,"FFRR",GBAYE2000097
125,"Love Invaders","Fatima Yamaha",118,10A,57,2025-11-20,06:49,0,"","","Imaginary Lines",2015-11-27,84,1,44,72,0,10,-7,B minor,4,5dWHtjiNIQqsLfkNfQbrI9,"Magnetron Music",NLW041500567
126,"Marseille","Catching Flies",120,2B,76,2025-11-20,02:25,40,"downtempo","Electronic","Marseille",2025-05-07,74,1,6,56,0,20,-7,F#/G♭,4,1CZ0Q8EpbCBz3CvMPtrW7v,"Indigo Soul",FR96X2540162
127,"Audacity Of Huge","Simian Mobile Disco",127,4B,68,2025-12-21,03:47,0,"electroclash, new rave, alternative dance, electronica","Electronic, Pop, Rock","Temporary Pleasure",2009-00-00,77,0,1,67,0,0,-8,G#/A♭,4,4tMyVqwEHIH5eudFxOABkq,"Wichita Recordings",GBDNH0900071
128,"Kisses (feat. bbyclose)","BL3SS, CamrinWatsin, bbyclose",142,8A,78,2025-12-21,02:18,83,"","","Kisses (feat. bbyclose)",2024-03-22,79,28,0,69,0,30,-5,A minor,4,2A1aS3mwuGuX2yk1bgxOvA,"Atlantic Records UK",GBAHS2400105
129,"Cotton & Silk","Tiger & Woods, ' EM",125,4B,73,2025-12-21,03:43,29,"nu disco, italo disco, disco house","Electronic, Pop","Cotton & Silk",2024-05-02,73,2,3,89,0,0,-9,G#/A♭,4,6oFA9zdx6geUC6uCqQKhJc,"T&W Records",DEVY92400084
130,"Edge of Desire","Jonas Blue, Malive",123,8B,79,2025-12-21,02:14,81,"tropical house, brazilian hip hop, brazilian bass","Electronic, Hip Hop","Edge of Desire",2025-07-18,78,14,83,82,0,0,-7,C,4,4A56h4B9xUuMMXoKuj18HT,"Defected Records",GBCPZ2524512
131,"Tears Keep On Falling","Mr President, Sabba MG",133,3B,69,2025-12-31,04:06,40,"jazz funk","Jazz, R&B","One Night",2020-09-11,82,1,88,97,0,10,-11,C♯/D♭,4,6pALsAqpU226UiNe6UGyeX,"Favorite Recordings",FR7Z22000021
132,"Beginning - TEED Remix","LA Priest, TEED",121,1A,47,2025-12-31,05:50,37,"","","Beginning (TEED Remix)",2020-09-02,84,3,4,95,0,0,-10,G#/A♭ minor,4,6DKILAX03B9oLWDaLkw1Vp,"Domino Recording Co",GBCEL2000419
133,"Maybe In Another Life - Bosq Sunset Boogie Mix","lovetempo, Bosq",106,3B,70,2025-12-31,03:39,37,"disco house, nu disco","Electronic, Pop","Maybe In Another Life",2024-10-11,73,1,68,51,0,10,-10,C♯/D♭,4,1MgedSTahfRlJnlYYzknSq,"lovetempo",QZZ8A2407027
134,"London In The Rain - Remastered Version","Variety Lab",90,9B,82,2025-12-31,03:22,53,"nu jazz, lounge","Easy Listening, Electronic, Jazz","Providence",2002-00-00,64,3,83,50,0,40,-12,G,4,79H7v0gsUwc6DxQkme1Wuj,"0101 Ici d'ailleurs",FR24Q0202001
135,"Good To Go","Franc Moody",126,9A,76,2025-12-31,03:05,30,"nu disco","Electronic, Pop","Chewing The Fat (Deluxe)",2025-11-21,77,1,48,63,0,0,-6,E minor,4,55thvoyJmSBTD0shgxtktH,"Night Time Stories (NTS)",GB5EM2502227
136,"Windy Lady - Turbotito Remix","Daniel T., Eiko Hara, Turbotito",105,11B,46,2025-12-31,05:03,39,"nu disco","Electronic, Pop","Windy Lady",2016-09-23,88,4,16,61,10,10,-9,A,4,0KDh5xTrfpODT5p3G4rxm4,"Tito Records",DEY471615846
137,"Family","Étienne de Crécy, Baxter Dury",109,4A,70,2025-12-31,04:04,41,"french house, electroclash","Electronic, Rock","Super Discount 3",2015-09-04,68,0,41,78,0,0,-8,F minor,4,4VcAPJ5UltDo4sHfDIVzsZ,"Pixadelic",FRU981400140
138,"Have Fun For A Little","Art of Tones",120,8B,76,2025-12-31,04:34,33,"nu disco, disco house, funky house, jazz house","Electronic, Jazz, Pop","Unbalanced",2018-12-07,94,10,10,71,10,20,-9,C,4,4Drc2azoyB3qgdSuZA5Ygc,"Local Talk",GBKQU1898896
139,"The Witness","Crazy P",102,7A,60,2025-12-31,04:45,42,"nu disco, disco house, funky house","Electronic, Pop","Age of the Ego",2019-05-03,77,0,21,82,0,0,-8,D minor,4,3NkKmcwRCJI1r1hQexVfk9,"Walk Don't Walk Limited",DEG931901593
140,"I Don't Have A Drum Machine","Yuksek",120,9B,82,2025-12-31,05:35,36,"nu disco, french house, french indie pop, disco house, funky house, indie dance","Electronic, Pop","I Don't Have A Drum Machine",2018-11-30,87,5,28,95,0,0,-8,G,4,6JBargTQupPBkCDri4LG3Z,"Classic Music Company",GBCPZ1814942
141,"Pajama Stomp","Coeo",118,11B,55,2025-12-31,06:31,50,"jazz house, disco house, funky house, nu disco, lo-fi house","Electronic, Jazz, Pop","Disco Volante EP",2018-04-27,86,0,86,72,0,0,-9,A,4,58gMRpVdnETQOWjk0E875O,"Razor-N-Tape",QMXZD1100209
142,"She Waits","Collect 200",125,8B,82,2026-01-02,02:57,55,"","","She Waits",2025-09-16,77,0,9,65,10,40,-6,C,4,6UPql2upXpCahPme1FzOs6,"Collect 200",CBEFB2501279
143,"The Power and The Blessing of Unity","Folamour",120,10A,91,2026-01-02,05:46,49,"jazz house, lo-fi house, disco house, funky house","Electronic, Jazz","The Power and The Blessing of Unity EP",2017-07-21,71,9,1,70,0,0,-8,B minor,4,4rT9fmqwnc7cm2rZqHMGhf,"Glitterbox Recordings",GBCPZ1711222
144,"Baikonur","Antoine Bourachot",119,2B,88,2026-01-02,05:18,25,"french house, nu disco","Electronic, Pop","Soundtrack Of A Space Expedition",2022-05-27,80,10,70,11,0,30,-7,F#/G♭,4,0dxSAG24osIb25Rs8iNkIC,"Chapelle XIV Music",GBKQU2249528
145,"Riding High","Bosq",113,2B,49,2026-01-02,06:24,39,"disco house, nu disco","Electronic, Pop","Tumbalá",2015-08-31,92,0,88,49,10,0,-11,F#/G♭,4,629gEdr0v8e4g9oWoWmuM2,"Bosq",USQY51589835
146,"Sound of You (ft TEED)","ANOTR, TEED",127,12A,87,2026-01-02,03:56,58,"house, tech house","Electronic","Sound of You (ft TEED)",2025-11-07,76,3,6,96,0,0,-2,C♯/D♭ minor,4,0mZ4AZbfdgf4hvOgeHngX6,"No Art",CBEFB2501619
147,"I Need You Tonight","Punkin Machine",127,11A,57,2026-01-02,05:38,52,"italo disco, disco","Pop, Electronic","I Need You Tonite / Tonight",1981-00-00,98,1,28,97,0,0,-11,F#/G♭ minor,4,12SY1IDzol5dg1yBTUoKYx,"UNIDISC MUSIC INC.",CAU118107327
148,"Smile (Vocal Mix) - Extended","Étienne de Crécy, Asher Roth, Alex Gopher",120,3B,71,2026-01-02,04:41,39,"french house, electroclash, nu disco","Electronic, Rock, Pop","Super Discount 3",2015-09-04,81,0,3,53,0,0,-9,C♯/D♭,4,6KWBEifmyGRilTGpStH9gU,"Pixadelic",FRU981500360
149,"Looking In - Clive From Accounts Remix","Underground System, Clive From Accounts",118,3B,82,2026-01-02,03:49,40,"nu disco, jazz house","Electronic, Jazz, Pop","Looking In EP",2023-04-26,79,5,83,77,0,0,-11,C♯/D♭,4,6qlZKlAKXL1mrVECRVr9fR,"Razor-N-Tape",QMXZD1100558
150,"You","Étienne de Crécy, Madeline Follin",116,9B,69,2026-01-02,03:34,48,"french house, electroclash","Electronic, Rock","Super Discount 3",2015-09-04,82,1,0,65,0,30,-8,G,4,0UViccSfxzfv9ffJzYTJFX,"Pixadelic",FRU981400150
151,"Secret Sunday Lover - Greg Wilson Version","1gnition, Greg Wilson",112,11A,63,2026-01-05,05:56,40,"nu disco, disco house","Electronic, Pop","Greg Wilson: Credit To The Edit 2",2009-10-26,78,2,76,79,0,10,-10,F#/G♭ minor,4,0K9agOvJ48tSvcTl6LtXHs,"Tirk",GBHCD1608799
152,"Fame","Cassius",120,9A,86,2026-01-05,04:08,32,"french house, disco house","Electronic","Dreems",2019-06-21,66,9,72,53,0,10,-8,E minor,4,3xhvwPraj72arwAKX7SOPg,"Universal Music Distribution Deal",FR5Y71900004
153,"Epsilon Girls","Andy Hart",118,5A,61,2026-01-05,05:49,41,"lo-fi house, disco house, funky house, jazz house","Electronic, Jazz","La même pour moi",2014-09-29,87,2,31,78,20,20,-9,C minor,4,3mLDrrAL7v2xLZj6PZENL2,"Heist Recordings",NLYV51400004
154,"You Are We","Crazy P",124,6A,39,2026-01-05,06:49,41,"nu disco, disco house, funky house","Electronic, Pop","The Wicked Is Music",1998-04-05,77,1,42,79,0,0,-12,G minor,4,6YED5fQzVCXl7vTjN71DEM,"Paper Recordings",GBEYE0300005
155,"A Dream I Have","TEED",123,10A,82,2026-01-05,04:33,37,"","","When the Lights Go (Deluxe)",2023-09-22,78,1,86,33,0,40,-5,B minor,4,4YaezxWIpJd3Po2LHYhGVd,"Nice Age",QZH9R2000010
156,"Hooked on You - The Reflex Revision","Cerrone, The Reflex",108,7B,66,2026-01-05,07:41,46,"italo disco, disco, hi-nrg, disco house, nu disco, post-disco, french house","Pop, Electronic, R&B","Give Me Remixes",2015-05-04,76,3,68,83,0,10,-8,F,4,4AFWIBkFNTO1VGTvc61Ri1,"Malligator Préférence",FR0D01400090
157,"We Can Move","Free Youth",122,8B,72,2026-01-05,06:29,42,"","","We Can Move",2019-07-12,81,2,0,90,20,10,-10,C,4,3iJX7lvPFzH13OZ6I6Gc4c,"Soundway Records Ltd",GBUQH1900043
158,"Flesh World","Coeo",117,7A,44,2026-01-05,06:38,45,"jazz house, disco house, funky house, nu disco, lo-fi house","Electronic, Jazz, Pop","Flesh World",2017-10-06,79,8,92,75,0,10,-10,D minor,4,5ZqvrH3XyHXXJ7vvy3b9lF,"Toy Tonics",DEBY41200289
159,"In The Good Life","Eugene Tambourine",100,4A,69,2026-01-05,04:52,30,"","","North Satellite EP",2016-04-20,74,1,24,27,0,0,-8,F minor,4,2g3BYjCyFaZG1jjz8CU1hE,"Tummy Touch Records LLC",GBDNM1600001
160,"Dance On","Cassius",125,10A,96,2026-01-06,03:08,35,"french house, disco house","Electronic","Dance On",2025-10-30,70,1,80,71,0,0,-7,B minor,4,2G4CIk2IToP1qUe2xYBbgK,"Love Supreme / Justice",FR9W12551221
161,"Prove Your Love - Instrumental","Misumami, First Touch",114,11B,49,2026-01-06,04:00,36,"boogie, post-disco, funk","R&B, Pop","Prove Your Love (Remixes)",2025-05-27,87,0,89,95,0,0,-8,A,4,7f4zlAUWcfURLNdr6KooPD,"Misumami",US6680916058
162,"Is It Loud Enough","Tom Fills",118,9B,58,2026-01-06,03:13,50,"","","Is It Loud Enough",2024-06-28,76,0,28,75,0,10,-8,G,4,6O9dLUnm1cJGL6aTcilNf8,"Feedasoul Records",GBKQU2453940
163,"Timecode - Edit","Justus Köhncke",121,8A,44,2026-01-06,03:43,35,"electroclash","Electronic, Rock","Doppelleben",2005-01-31,84,0,90,70,0,10,-10,A minor,4,0FaxWqBwLLSxBfR0jMIgAA,"Kompakt",DEU670400014
164,"MARS","Farhot",114,8A,79,2026-01-06,03:48,34,"jazz beats","Hip Hop, Jazz","MARS",2025-04-25,68,0,84,54,0,60,-7,A minor,4,0bkyQZlXgbDHeD5S97ToAD,"Kabul Fire Records",DEYF12300272
165,"Alternate State (feat. Róisín Murphy)","Hot Natured, Róisín Murphy",122,7A,67,2026-01-06,04:06,42,"art pop, electropop","Pop, Electronic","Different Sides Of The Sun",2013-08-30,76,10,76,82,0,10,-9,D minor,4,3sNgXHez404C7Su2FPk4xE,"Warner Records",GBAHT1300533
166,"Thing","Au Suisse, Morgan Geist, Kelley Polar",122,4A,69,2026-01-06,03:21,38,"nu disco","Electronic, Pop","Au Suisse",2022-08-19,63,1,78,69,0,40,-9,F minor,4,7l545aXmPhATRYdxNMXO80,"City Slang",DED622200054
167,"Gorgeous (feat. Confidence Man)","Yuksek, Confidence Man",118,11A,76,2026-01-06,03:41,36,"nu disco, french house, french indie pop, disco house, funky house, indie dance","Electronic, Pop","NOSSO RITMO",2020-02-28,84,19,0,96,10,20,-7,F#/G♭ minor,4,57eLRjhtL11eHhdcbdxysE,"Sweat It Out",FRPHR1900110
168,"Étranges nuages - Yuksek Remix","Bertrand Burgalat, Yuksek",118,4B,77,2026-01-06,05:09,40,"nu disco, french house, french pop, disco house, french indie pop, funky house, indie dance","Electronic, Pop","Variations",2017-11-10,81,4,87,61,0,0,-7,G#/A♭,4,4m3054ktKm6xGGyNjj8krw,"Tricatel",FR90Q1700308
169,"Running Around","Sampology",121,3A,52,2026-01-06,03:45,41,"","","Regrowth",2021-09-03,77,17,10,80,0,10,-12,A#/B♭ minor,4,2bnayGAnFWqebodBao1xv8,"Middle Name Records",AUBEC2127388
170,"Sweet Harmony - Sweetheart Club Mix","The Beloved",122,12A,71,2026-01-06,08:08,8,"madchester","Rock","Sweet Harmony",1993-01-08,72,0,80,40,0,0,-11,C♯/D♭ minor,4,7sWW2bYJrIhr6wT4K6TFcb,"Chrysalis Records",GBDLM1800510
171,"Sweet Harmony - Sweet Sensation Mix","The Beloved",122,3A,52,2026-01-06,08:12,2,"madchester","Rock","Sweet Harmony",1993-01-08,69,5,93,44,0,0,-14,A#/B♭ minor,4,1FwIN1jnWx4l7B8vwyX81W,"Chrysalis Records",GBDLM1800441
172,"Sweet Harmony - Tout De Suite","The Beloved",122,12A,73,2026-01-06,06:21,1,"madchester","Rock","Sweet Harmony",1993-01-08,80,0,93,59,0,0,-10,C♯/D♭ minor,4,6GCd89CtfdEnlPGU7swLLb,"Chrysalis Records",GBDLM1800442
173,"Sweet Harmony - Bittersweet Mix","The Beloved",122,4B,73,2026-01-06,04:41,1,"madchester","Rock","Sweet Harmony",1993-01-08,74,0,77,70,0,0,-10,G#/A♭,4,0FLbD295wvmHYyjIS7XR3Q,"Chrysalis Records",GBDLM1800511
174,"Sweet Harmony - Come Together and Consolidate Mix","The Beloved",101,9B,86,2026-01-06,06:48,6,"madchester","Rock","Sweet Harmony",1993-01-08,61,0,86,33,0,20,-8,G,4,3DbF2g3fX4WfQk9bxCyIlu,"Chrysalis Records",GBDLM1800439
175,"Sweet Harmony - Dub Together and Consolidate Mix","The Beloved",101,9B,84,2026-01-06,03:50,3,"madchester","Rock","Sweet Harmony",1993-01-08,61,0,75,45,0,10,-8,G,4,4BP58ilZNAaTIRW9d1E2Qx,"Chrysalis Records",GBDLM1800512
176,"TL12 - Sky Mix","Ronald Hopman",132,9A,83,2026-01-06,07:01,0,"tropical house, dance pop","Electronic, Pop","TL12 (Sky Mix)",2014-08-29,59,2,95,76,0,0,-12,E minor,4,7qQ4WOkhduj08ucE2ZBpi5,"TL Records & Music",AWA001400004
177,"That Was Fresh","Kolter",131,11B,87,2026-01-07,07:35,25,"house, tech house, lo-fi house","Electronic","That Was Fresh - EP",2024-04-05,79,1,90,53,0,0,-6,A,4,4QUiteCpaMkusxt9K0N8Ki,"Up the Stuss",UKU932480147
178,"Sense of Style","Marsolo",132,8B,60,2026-01-07,05:36,36,"house, tech house","Electronic","Sense of Style",2024-11-01,85,0,35,62,0,0,-10,C,4,0SGLWinRUsKlh9fssLjGy0,"Koltrax",DEH742428861
179,"Drive Me Crazy","Vitess",132,9B,90,2026-01-07,05:10,26,"acid house, lo-fi house","Electronic","Visions",2024-03-22,79,0,71,85,0,10,-7,G,4,1NMuTjZJWZUHpOKjG50xyK,"ROSSI.HOME//GRXWN.",UKU932480583
180,"Daylight","Kolter",130,3B,90,2026-01-07,05:56,38,"house, tech house, lo-fi house","Electronic","Lesson 1 EP",2020-10-23,80,2,92,90,0,20,-8,C♯/D♭,4,3uvq5PJITiooMXcxmy6GpJ,"Rutilance Recordings",GBKQU2099740
181,"9090 Trax - Edit","Rhode & Brown",133,12B,91,2026-01-07,03:42,22,"lo-fi house, disco house, italo disco, indie dance, acid house","Electronic, Pop","9090 Trax (Edit)",2024-06-28,79,2,85,84,0,0,-10,E,4,2qgO3Sr70TT2oKvwVtwYqQ,"Permanent Vacation",DECY62400118
182,"Always Talkin Sh!t","Kolter",130,10B,82,2026-01-07,07:40,28,"house, tech house, lo-fi house","Electronic","Always Talkin Sh!t",2024-05-10,80,1,86,85,0,0,-9,D,4,1yaAs2qUxamFVX5VotHroG,"KOLTERCAMP",DEH742416753
183,"Gedup (And Move Your Butt)","Sweely",130,11B,79,2026-01-07,05:41,31,"lo-fi house, jazz house, house, acid house","Electronic, Jazz","Gedup (And Move Your Butt)",2023-12-15,80,2,87,89,0,20,-9,A,4,2TRgpWCykCHtXWDsaodh6j,"Limousine Dream",DEY472379838
184,"Don't Stahp - Edit","Traumer",128,3B,68,2026-01-07,03:48,37,"minimal techno, dub techno, tech house","Electronic","Don't Stahp (Edit)",2024-06-07,80,2,85,20,0,0,-12,C♯/D♭,4,5UVwqwrWsVLjjPvOOZkHem,"Berg Audio",DEH742416876
185,"Extra Man","Sweely",130,10A,81,2026-01-07,03:48,30,"lo-fi house, jazz house, house, acid house","Electronic, Jazz","Extra Man",2024-01-26,76,2,90,51,0,0,-9,B minor,4,3B4kg6eBOVE0j3DXAq6DYn,"DGTL",GBKQU2401316
186,"Free (Mood II Swing Radio Edit)","Ultra Naté, Mood II Swing",125,4B,91,2026-01-08,03:53,66,"ballroom vogue, chicago house","Electronic, Pop","Free - The Strictly Collection",1997-03-31,76,0,0,74,0,0,-6,G#/A♭,4,2mkdZTHKimOJ86Hg0RWSKc,"Strictly Rhythm Records",USSR39751201
187,"Pepa","Juravlove",122,10A,59,2026-01-08,03:56,44,"lo-fi house","Electronic","Pepa",2021-10-15,83,14,32,83,0,0,-9,B minor,4,7svtmHQyMTLfsw6GTgqWle,"Noire & Blanche",FR9Z62100408
188,"L‘amour","Jiri Jiri",116,8A,72,2026-01-08,03:47,43,"","","Give Me Disco, Vol. 1 (Selected by DJ Kobayashi)",2025-07-18,76,1,60,75,0,10,-8,A minor,4,5KLRKXUI7TQrUVl3kxlcpT,"Batov Records",GBZG92500052
189,"Lover Boy","Mind Enterprises",113,11A,83,2026-01-08,04:40,41,"italo disco, nu disco, disco house, italo dance","Electronic, Pop","Idealist",2016-03-04,87,5,82,52,10,30,-5,F#/G♭ minor,4,1MOQ0j1hjy1vTNxGolAc0U,"Because Music Ltd.",GBMVH1501070
190,"Paradise","Payfone",110,3A,51,2026-01-08,07:42,33,"","","10 Years of Payfone (2013-2023)",2024-08-13,79,0,82,50,0,50,-10,A#/B♭ minor,4,01JJEsYj8AWV3gfJbYNVCj,"Night Sweats",USXCR1500151
191,"Body Language - Original Remaster","M.A.N.D.Y., Booka Shade",130,9A,66,2026-01-09,07:16,47,"minimal techno, melodic house, melodic techno, electronica","Electronic","Body Language",2023-03-31,80,1,90,87,0,0,-11,E minor,4,0H38whx6HC2lfuTbdyJYFa,"Get Physical Music",DEBE72300194
192,"Gabriel - Live Garage Mix","Roy Davis Jr., Preven Everett",129,10A,43,2026-01-09,07:26,36,"uk garage, chicago house, jazz house, uk funky","Electronic, Jazz","Late Night Tales: Django Django",2014-05-11,85,2,21,45,0,0,-10,B minor,4,3cdy1jK0wLr6R2nAo0oIXy,"Late Night Tales",US2259801901
193,"If Everybody Looked the Same","Groove Armada",116,3B,96,2026-01-13,03:38,49,"big beat, trip hop","Electronic, Hip Hop","Vertigo",2000-02-22,71,1,19,56,0,20,-7,C♯/D♭,4,0HQODNIFH6CVwIRlvGep30,"Jive",GBAHK9900056
194,"Feelin’ Love - Soulsearcher Club Mix","Soulsearcher",126,11A,68,2026-01-13,07:05,50,"disco house, funky house","Electronic","Feelin’ Love",2003-01-10,78,0,52,97,0,0,-8,F#/G♭ minor,4,1dY7tuaWYrGbKT9wPT5cUb,"Soulfuric Deep",USSF80200131
195,"Ready For The Floor","Hot Chip",129,12A,76,2026-01-13,03:54,54,"alternative dance, new rave, indie dance","Electronic, Pop, Rock","Made In The Dark",2008-01-21,76,1,0,94,0,0,-5,C♯/D♭ minor,4,6q6PeTloTbL2vb1Gt9sQQc,"Domino Recording Co",GBAYE0703181
196,"New Ferrari - Harvey Sutherland's Weird Flex Mix","Surprise Chef, Harvey Sutherland",112,9A,84,2026-01-14,03:41,37,"jazz funk, indie jazz, jazz house, lo-fi house","Jazz, Pop, R&B, Electronic","Masters at Work & Harvey Sutherland (Remixes)",2021-10-22,72,1,91,48,0,0,-7,E minor,4,671ESv6jOW1IMthApN3K03,"Mr Bongo",GBCLQ2100310
197,"White Noise","Disclosure, AlunaGeorge",120,3A,84,2026-01-13,04:37,66,"house","Electronic","Settle (Special Edition)",2013-06-03,66,1,0,90,0,30,-6,A#/B♭ minor,4,5EWFuo4ObEnfndc57sTuIo,"Universal-Island Records Ltd.",GBUM71302855
198,"Secret in the Dark (Juan Maclean Remix)","Monika",111,11B,81,2026-01-13,06:28,39,"art pop","Pop","Secret in the Dark (Juan Maclean Remix)",2016-04-15,78,3,44,89,0,10,-6,A,4,7BAunvyoG1qKCwgeOiR3Hh,"Other Music",USFP71651713
199,"Bubbles","Aksel & Aino",121,10B,71,2026-01-13,03:42,34,"indie dance","Electronic, Pop","Akvatisk Beredskap",2024-12-06,81,8,71,58,0,10,-12,D,4,45f04LgTW4pTIzyZnnDIUL,"Public Possession",DEVH21800775
200,"Loca Loca","Whodamanny",120,2B,78,2026-01-13,04:18,39,"italo disco","Electronic, Pop","Placebo",2025-07-09,86,0,12,96,0,30,-5,F#/G♭,4,5EpZEh32UKp413Kg4CxwPt,"Periodica Records",ITA642500070
201,"Max","Kenton Slash Demon",127,11A,62,2026-01-13,04:11,36,"","","Max / Red",2025-11-07,68,23,83,54,0,30,-8,F#/G♭ minor,4,4jwkjvItLoztfQ9F7Wy7nt,"Future Classic",AUFF02500163
202,"Lisa","The Glimmers",127,4B,57,2026-01-13,04:00,40,"","","The Glimmers Are Gee Gee Fazzi",2009-10-05,85,0,41,71,0,0,-10,G#/A♭,4,7Lk3AMupaRvctyzv9AStMq,"www.glimmertwins.com",BER400890026
203,"Magnetise","Crazy P",124,6A,71,2026-01-14,06:11,32,"nu disco, disco house, funky house","Electronic, Pop","Walk Dance Talk Sing",2015-05-11,80,5,14,85,0,0,-8,G minor,4,3jbZbNmJHzjGg0d1xwIp2I,"Walk Don't Walk Limited",DEG931591355
204,"Fifty Dollar Bills","Sworn Virgins",125,3B,87,2026-01-14,07:10,38,"","","Fifty Dollar Bills",2018-07-20,79,10,85,74,10,10,-5,C♯/D♭,4,027T8Iol6XBnOewNaaHQul,"DEEWEE",GBKPL1812706
205,"Feel Your Soul","David Marston, Brigitte Zozula, Frano",127,12A,71,2026-01-14,05:40,51,"jazz house","Electronic, Jazz","Under the Covers",2017-11-28,84,0,72,78,0,0,-9,C♯/D♭ minor,4,2CXjrph4GOOERwlmak9CyE,"Wolf + Lamb Records",USQY51791952
206,"Shinjuku Strut","Rick Wade",110,11A,69,2026-01-14,05:14,48,"jazz house, lo-fi house, disco house, chicago house","Electronic, Jazz","Hustler's Lullaby",2013-12-25,56,1,78,64,0,0,-12,F#/G♭ minor,4,40eiz1003cXrXFRnMtBvIU,"UNKNOWN season",DEH741311287
207,"You Turn Me On - JKriv Rework","William & The Young Five, JKriv",117,7B,68,2026-01-14,06:28,30,"disco house, nu disco","Electronic, Pop","Heads Records - South African Disco-Dub Edits",2018-05-11,79,6,54,92,0,0,-9,F,4,086EbowpWmK9ahQsQ6r0JY,"Soundway Records Ltd",GBUQH1800005
208,"Told You So","Cameo Culture",105,3A,63,2026-01-14,05:04,57,"","","Burning Bright",2015-03-30,86,0,78,28,0,10,-8,A#/B♭ minor,4,2SCHvVxxf591F0EsSNCsRK,"Wolf + Lamb Records",USQY51536000
209,"Less Is More","Choices",122,10B,81,2026-01-16,05:14,57,"nu disco, disco house, funky house","Electronic, Pop","Less Is More",2020-02-28,83,1,30,49,0,20,-5,D,4,7MWJzAWFWT1ZSvf3D2dQrG,"Music To Dance To Records",AUDCB1701539